Model,Precision,Recall,Accuracy
RandomForest,0.7317901234567901,0.7314814814814815,0.7314814814814815
SVM,0.7809447128287706,0.7592592592592593,0.7592592592592593
